,xc,yc,a,b,theta
0,174.902909117,219.863673788,114.10285227,166.301475969,-0.692204758032
1,220.055517904,470.026369883,93.7161552374,120.666587668,-0.568001317167
2,292.36291073,653.442825855,74.5057490882,82.0121764622,-0.763973191546
3,355.07728788,793.247373892,107.470264041,56.2050246309,1.57739535801
