,xc,yc,a,b,theta
0,228.49384204,666.254588465,167.03128824,339.059981158,0.181872898754
1,207.204515484,209.11942406,103.632326829,166.500519275,0.568669368197
2,417.706918249,216.274579687,77.2762885717,96.6822401132,2.31394126157
3,502.404122142,401.149166318,59.7602661393,65.0522899282,-0.605727665656
4,553.447521624,531.844445333,55.7681456073,73.587047334,2.24732032068
