,xc,yc,a,b,theta
0,205.890871975,658.837889848,293.267766052,165.265133261,2.15609782154
1,513.236836376,399.447159441,131.502997118,93.895899615,-0.144330122656
