,xc,yc,a,b,theta
0,282.316509642,737.05610665,201.755944948,132.718238926,0.390650985938
