,xc,yc,a,b,theta
0,172.837480099,898.088405775,95.5658910799,35.0503797302,2.05284742844
1,237.681182739,790.47868544,25.0000100553,24.9999898277,-0.0820352569928
2,285.052327409,666.063684798,67.453701539,81.6781970664,1.14684901899
3,341.952446476,480.342694214,94.8730079174,113.70430605,0.837860779557
